,plot_id,lat,lon,invyr,TPA
90953,12_3083,45.169356,-96.070882,2017.0,441.99144314042894
138794,2_385,35.737578000000006,-85.58077800000001,2007.0,129.98161958721164
10241,1_597,33.344777,-87.24486800000001,2006.0,360.92989882638597
55458,6_8074,47.551848,-93.438063,2016.0,583.9397337110482
83375,4_3524,39.349176,-86.764071,2009.0,48.70939700526102
120328,2_3136,47.180719,-93.115466,2002.0,238.04401052205586
135027,5_3986,31.808575,-86.077996,2011.0,225.8666612707406
97022,2_3289,48.029590999999996,-90.00597900000001,2017.0,1395.5495637393772
116309,7_9180,35.684821,-76.83645200000001,2017.0,212.5769162282477
26562,8_4029,46.488834000000004,-88.259258,2008.0,161.64272764063134
15742,7_4504,37.945375,-78.454365,2016.0,347.42947551598536
11404,4_1641,36.48917,-80.359443,2004.0,392.8009662918411
123636,7_5569,37.692496000000006,-92.210982,2007.0,372.6858915418859
120167,2_3130,47.265078,-93.435549,2007.0,179.80341238365034
140733,2_2693,44.322068,-90.53867,2002.0,131.09401537838932
60565,6_8102,47.434915999999994,-94.046446,2016.0,288.5672363665683
116384,0_530,45.968876,-86.98743499999999,2010.0,135.06323755564543
123002,7_4061,39.099466,-82.65866899999999,2007.0,270.8175143666532
19934,0_1539,43.507742,-90.062119,2000.0,98.53118980169974
102110,0_2132,46.069912,-92.926762,2015.0,459.7111031970861
11179,5_7265,44.939144,-89.704437,2005.0,336.15384378794016
104705,8_6685,41.076138,-77.53888,2013.0,179.80341238365037
142156,7_4237,39.721025,-82.51607299999999,2012.0,270.8175143666532
103496,8_5547,38.768924,-92.851385,2013.0,594.6694746357173
142334,7_4725,38.220471999999994,-88.852737,2012.0,57.12820234722784
3289,6_9193,44.52857,-89.050659,2017.0,89.90170619182517
10375,5_6674,31.81421,-81.938172,2015.0,0.0
74404,6_6163,35.892663,-93.73576800000001,2016.0,184.67435208417646
21163,9_7387,29.437746999999998,-81.372632,2014.0,153.77592433437374
127792,6_9036,46.489306,-90.377349,2011.0,92.54785430999593
48654,10_10445,35.57526,-78.626263,2010.0,727.9283341286284
4366,6_7554,39.475716,-87.332169,2017.0,205.54967162375442
15206,5_6285,38.264601,-83.203758,2010.0,217.58217424517744
36744,0_2764,40.549276,-91.60267900000001,2010.0,151.90084823957915
108190,6_3706,44.686840000000004,-69.65809,2016.0,157.8841837312829
23045,9_9152,44.965167,-72.784397,2009.0,38.96751760420882
121743,5_4411,35.20928,-82.669969,2010.0,145.29176217225046
36907,5_4893,40.46225,-77.98398,2015.0,24.35469850263051
74896,5_8343,46.150648,-92.332358,2010.0,190.65768757588023
121111,6_4867,41.53017,-77.17035,2011.0,531.6824710643466
84836,10_11173,35.117961,-93.204938,2015.0,104.5145252934035
121948,5_5167,39.986779999999996,-79.43109,2005.0,218.56998303914105
51436,10_8237,43.868623,-71.141654,2016.0,81.48290084985837
81553,9_10054,41.750533000000004,-78.290363,2009.0,57.12820234722784
59461,10_10754,31.266471000000003,-91.29041099999999,2016.0,412.3576476378967
17837,11_7867,30.6535,-84.746785,2016.0,161.36462699024025
8229,1_1048,31.323635999999997,-86.784512,2013.0,340.12306596519625
80305,4_1253,34.264833,-80.913956,2014.0,271.4339140317644
107648,4_4139,43.191196000000005,-91.234721,2004.0,230.73760097126672
76995,6_5664,34.446553,-94.111396,2006.0,433.3619595305545
86344,3_4391,36.727232,-90.847999,2003.0,155.65939214892754
103318,8_5183,38.401109999999996,-86.226624,2013.0,379.51676409647234
98009,2_1234,32.838315,-80.227819,2002.0,0.0
103597,3_1156,33.115724,-80.382846,2013.0,507.2611221979357
123001,7_4061,39.099466,-82.65866899999999,2012.0,268.3820445163901
65381,3_2885,31.78885,-82.832026,2008.0,212.5769162282477
81909,9_10129,41.734012,-79.224487,2009.0,77.93503520841764
118774,3_2454,46.392075,-85.061339,2008.0,431.5585244840143
91818,1_2599,47.686747,-91.069634,2001.0,119.1273443949818
56168,5_5467,46.97184,-68.92820999999999,2005.0,161.64272764063134
87538,9_8965,44.925855,-71.115289,2009.0,230.73760097126672
46165,4_4408,36.637316999999996,-92.673025,2004.0,329.0581125050587
95178,11_8576,30.832566999999997,-87.447034,2016.0,267.48032699312006
100608,8_6099,45.710239,-70.09796800000001,2008.0,704.3901521651153
95730,8_7331,44.679552,-73.61636,2008.0,84.62130283024678
95687,0_883,38.650059999999996,-85.909798,2015.0,170.06153298259815
135438,2_3943,38.105866,-91.81733100000001,2007.0,161.01185603087418
63363,3_2985,32.550126,-81.578376,2003.0,202.39361636535054
99343,1_2894,47.81385,-94.877187,2011.0,221.2063998381222
10814,3_971,33.542608,-86.38467299999999,2015.0,197.96409712666937
72462,3_4720,33.321128,-79.678876,2008.0,160.53033184945363
121074,6_4860,41.51919,-76.83621,2006.0,53.58033670578715
60463,7_4316,37.997284,-78.281063,2016.0,319.03214741734973
97958,1_1558,30.699256,-83.515388,2016.0,414.51023553217294
8518,6_8544,38.377906,-93.948479,2011.0,262.18803075677863
141104,5_4274,31.122871000000004,-85.55694,2005.0,12.177349251315256
131242,5_4344,34.540724,-79.229667,2009.0,677.3893055443142
70159,6_5826,35.073584000000004,-93.360623,2011.0,164.07819749089438
7543,6_8668,45.413484999999994,-88.415254,2017.0,410.33033508700936
38318,5_8672,46.609571,-88.488062,2016.0,79.04743099959532
38256,5_3058,33.688117999999996,-79.456556,2005.0,111.82093484419265
41663,4_5293,41.981485,-93.89978599999999,2009.0,456.9019583042065
20276,11_8384,34.474469,-81.37786899999999,2011.0,524.3760615135574
111038,9_11024,32.929875,-81.942098,2014.0,289.18887737757984
28025,8_4555,44.352472999999996,-91.109687,2008.0,674.166712976978
102143,0_2122,46.3919,-92.82766600000001,2010.0,184.67435208417646
80644,9_11852,38.4578,-83.460424,2009.0,364.2670861999191
107367,6_3625,45.4847,-69.36307,2006.0,226.0773395386483
36621,5_5517,46.67243,-68.78471,2010.0,2542.4115200323713
90786,9_9699,37.725761,-82.20983100000001,2009.0,240.4794803723189
122675,6_3351,34.772759,-80.18560699999999,2011.0,21.919228652367458
104679,3_1838,44.620119,-83.805325,2013.0,585.052129502226
45096,0_2589,37.809065000000004,-92.950916,2010.0,174.93247268312427
27610,0_1279,31.569346999999997,-84.682068,2000.0,860.5299053014976
50365,6_8282,48.319235,-93.634096,2016.0,294.059817078106
99366,1_2824,47.85555,-95.326941,2016.0,329.0581125050587
88750,4_2206,33.164747999999996,-84.413409,2004.0,488.0546920275193
2038,7_6699,47.421611999999996,-95.33511700000001,2007.0,262.60938729259396
34609,5_5628,45.1581,-70.66548,2015.0,319.31623310400647
72889,9_10851,35.560235999999996,-87.234099,2009.0,76.61196114933226
56365,0_864,39.569979,-86.787869,2000.0,119.1273443949818
25306,0_2236,47.242856,-93.05279300000001,2005.0,462.37691946580344
37742,1_984,34.575731,-87.563784,2013.0,81.69290902349859
109444,9_11281,33.561915,-83.850531,2014.0,306.97113381056084
129098,7_8092,34.775116,-83.532084,2007.0,272.14058842573854
24280,0_2484,37.48324,-92.098252,2005.0,293.84913881019827
59675,7_7149,34.83934,-90.420865,2012.0,273.2529842169162
25606,8_4133,45.199294,-89.289137,2008.0,190.8683658437879
91645,1_2438,47.969632,-93.035854,2016.0,316.88076325374345
73726,6_3980,43.89967,-70.26691,2016.0,133.95084176446773
32915,1_2154,43.39098,-88.526002,2011.0,89.90170619182517
49012,9_8865,41.319384,-81.528979,2015.0,75.90960142154236
137610,2_229,35.214123,-88.527189,2012.0,418.7491404289762
138127,2_76,36.241445,-84.92905,2002.0,51.956690138945085
84952,10_11427,34.412043,-81.472381,2015.0,276.8008498583569
88410,4_2374,32.399566,-84.833168,2009.0,12.177349251315256
16160,1_3513,34.553137,-87.86636700000001,2013.0,311.3187842978549
43187,5_7328,43.793136,-90.719255,2005.0,80.56712603102379
110379,9_5643,45.767461,-89.565638,2009.0,307.8670968475642
72414,9_10926,35.114447,-82.249328,2014.0,527.2328878996357
79171,9_10318,41.521516999999996,-74.798879,2009.0,399.14186502493834
54725,9_12186,37.51662,-92.273636,2015.0,121.35213597733711
37261,5_4911,41.27724,-78.90082,2015.0,224.75426547956295
128035,6_6831,34.642281,-78.545709,2010.0,0.0
25395,0_1981,47.020736,-93.665479,2015.0,187.32050020234715
128477,2_1947,46.287095,-85.67082099999999,2012.0,323.0747770133549
28001,8_4821,44.417291,-90.098826,2008.0,503.7799069202753
17022,5_5200,40.17042,-78.31891999999999,2005.0,151.90084823957915
14738,5_7491,46.141606,-90.349176,2005.0,305.0963779066138
128702,7_9730,41.426165000000005,-84.036846,2012.0,1191.182587659598
74542,4_3665,44.268396,-87.743948,2009.0,29.81702915950627
131702,5_4727,34.809578,-78.473701,2005.0,284.1072594091461
130329,1_82,36.217984,-86.971327,2001.0,162.75512343180898
20887,9_6200,46.167395,-90.72808,2014.0,1283.9393071630916
137186,2_241,35.039499,-85.745553,2012.0,215.79086347568892
42398,1_1267,46.188858,-88.748747,2011.0,255.0922994738972
131360,6_9166,45.49419,-92.306072,2011.0,165.19059328207203
107189,6_3447,32.757245000000005,-81.064438,2011.0,188.64357426143246
67727,9_8374,35.469017,-92.54055600000001,2014.0,154.3363180898422
121691,5_5679,44.295359999999995,-69.22013000000001,2010.0,725.8880242816675
3618,6_7777,46.954912,-88.459078,2017.0,436.2187859166328
134921,1_3508,33.467016,-87.653131,2012.0,1758.4935758802087
46965,5_8067,48.342406,-93.941539,2005.0,422.71836260623223
25800,0_1165,32.379172,-83.784512,2000.0,227.4004135977336
139509,2_256,35.305458,-84.093994,2007.0,176.0448684743019
72658,6_5864,33.35791,-93.226613,2011.0,394.2946599172342
80476,4_1197,34.535399,-80.045165,2014.0,19.48375880210441
130327,1_82,36.217984,-86.971327,2011.0,172.4970028328612
33621,0_1520,42.669669,-88.230257,2010.0,187.10982193443954
50669,10_10507,30.388336,-89.145577,2016.0,52.25726264670173
117825,8_8620,36.640398,-88.294803,2013.0,189.54529178470256
86624,4_2974,44.3315,-69.12525,2004.0,291.315278206813
51827,6_7844,44.670215999999996,-83.75219799999999,2006.0,426.266228247673
86041,10_8647,44.182418,-76.28103,2010.0,280.34871549979766
122245,5_6201,36.95413,-87.815064,2010.0,16.25814319267725
59928,7_7125,34.10089,-92.14180999999999,2017.0,279.23631970862
106377,6_3586,33.499590000000005,-79.953399,2011.0,564.5319618072259
141787,7_4905,42.014567,-93.027781,2007.0,45.27358466503176
31508,5_2840,34.603817,-79.659915,2010.0,153.26970470793128
112218,4_296,36.477095,-87.497098,2014.0,267.26964872521245
63414,5_8399,46.36159,-93.37308,2005.0,182.23888223391342
5522,6_9165,45.66577,-92.286434,2017.0,393.49272440307567
19295,10_10318,30.973855,-86.86031700000001,2015.0,155.44871388101984
126500,6_7450,38.704271999999996,-89.022634,2006.0,212.5769162282477
10734,3_935,33.073369,-88.02556700000001,2008.0,506.63673330635356
40201,5_3287,37.028989,-80.752648,2005.0,142.84287707245957
30016,9_7171,36.541761,-90.779114,2014.0,230.73760097126672
109587,4_4484,38.507627,-91.499933,2004.0,176.25554674220962
22364,9_6305,46.111518,-84.407466,2014.0,455.281188182922
22847,10_8080,42.503481,-83.557573,2010.0,74.97355665188162
48831,9_9907,40.295840999999996,-77.271017,2009.0,33.816811422782045
123437,6_7089,38.44039,-85.005934,2011.0,56.85368777970358
90576,10_8269,40.360394,-74.276618,2010.0,329.2687907729663
77325,1_1108,44.634240999999996,-83.67654399999999,2001.0,348.5418713071631
91279,1_2510,48.912746000000006,-96.628327,2016.0,201.06971421149092
56393,0_789,38.383865,-86.64545799999999,2010.0,83.91837070012143
125905,6_7899,46.016452,-84.526969,2011.0,177.41031894751677
43625,5_5258,41.08644,-75.63346,2005.0,103.40212950222583
63348,3_4091,44.733342,-89.312427,2003.0,174.09285113258485
126545,6_7543,39.399103000000004,-86.996418,2011.0,110.70853905301497
12885,7_4387,36.736256,-79.46137399999999,2016.0,110.49786078510724
135732,5_4738,34.239379,-78.145371,2011.0,485.68944826655866
3729,7_6875,35.547985,-90.67564300000001,2017.0,34.096577903682714
17855,11_7841,30.683743,-85.070583,2016.0,358.0730724403076
128469,7_9613,36.842579,-85.153554,2007.0,459.7111031970861
61183,5_3051,34.296355,-79.826176,2005.0,485.6192221772563
108365,4_5141,46.517783,-93.86435300000001,2009.0,54.69273249696479
87260,10_9175,46.684857,-92.885163,2010.0,131.09401537838932
72683,3_2628,45.152687,-84.22006800000001,2003.0,71.74102144880615
78017,9_11773,36.912896,-83.190188,2014.0,194.41623148522865
30920,10_10268,28.22539,-82.672012,2015.0,602.5917651041303
6566,6_8780,45.186145,-90.057417,2011.0,736.7422994738974
15812,5_6215,37.268026,-87.541915,2010.0,198.02534916304148
12502,5_6648,32.673369,-82.758822,2015.0,174.91078253496227
127543,7_4512,37.436384999999994,-77.889042,2007.0,452.8457183326589
107298,6_3440,34.238625,-82.08389,2006.0,81.48290084985837
136082,5_4640,34.659496000000004,-77.575338,2005.0,216.3354601375961
93053,1_2790,46.373944,-94.720864,2016.0,22.130475102457975
14551,5_5983,37.64427,-85.052265,2015.0,217.4478559287738
135459,5_4632,36.419757000000004,-77.20687099999999,2011.0,668.0687826790772
49767,7_7009,35.587943,-92.276459,2017.0,361.3942965375183
9827,5_7278,45.63016,-88.008626,2005.0,1160.783736139215
88207,4_232,35.47594,-87.398033,2004.0,324.18717280453257
105745,3_1327,34.103367999999996,-79.507386,2013.0,119.1273443949818
105132,3_217,35.856818,-86.295941,2008.0,347.21879724807775
72205,4_266,35.650626,-89.045946,2009.0,236.49059004451638
94505,1_1644,32.102009,-82.983729,2011.0,260.4564498888034
139128,4_3558,40.289778999999996,-86.874597,2004.0,267.0589704573047
31252,2_1478,37.859852000000004,-76.664118,2014.0,0.0
99515,2_1119,34.129123,-81.50030500000001,2012.0,598.5525528126266
136912,2_2097,39.168585,-85.54692800000001,2002.0,652.9653247086194
61641,7_7182,35.942904999999996,-93.534255,2017.0,184.67435208417646
13872,5_6593,31.252446999999997,-81.54904499999999,2010.0,221.7373187643329
104513,2_4188,33.077628000000004,-80.588062,2017.0,141.04657304734926
83112,4_3479,46.56762,-86.183651,2009.0,102.14928153244298
76573,5_8836,46.626428999999995,-88.98258299999999,2010.0,209.02905058680693
30308,10_11052,35.030169,-92.684116,2015.0,312.0098235532173
126147,6_6268,35.558212,-87.02736800000001,2011.0,179.80341238365037
67193,4_3034,43.75499,-70.82077,2009.0,207.7059765277216
17801,11_8002,29.49407,-82.893529,2016.0,23.91052072921742
134912,5_3711,33.180973,-86.449949,2011.0,255.0922994738972
68890,3_4001,44.784165,-91.387294,2008.0,225.8666612707406
118137,2_3371,47.022731,-93.582718,2007.0,129.2496894824227
59533,6_5509,37.651720000000005,-78.128147,2010.0,757.3384540671792
129470,1_65,35.428360999999995,-85.91318000000001,2011.0,240.4794803723189
10957,5_6501,31.830144,-83.122375,2005.0,290.3012731687576
8690,4_1910,35.441063,-83.93966400000001,2004.0,283.4358883043302
74072,6_5093,31.854621,-82.809771,2016.0,557.57092189397
99065,2_3042,43.668649,-91.28171800000001,2002.0,262.39870902468635
75548,6_5931,36.090685,-92.350649,2016.0,274.36538000809384
31337,5_2782,32.413932,-81.06438100000001,2005.0,12.177349251315256
129428,7_8124,32.741501,-84.47993000000001,2007.0,578.1670764872521
89675,9_9854,40.628465999999996,-76.367085,2009.0,303.5910182112505
100198,11_6983,39.386333,-82.554036,2016.0,64.018249470131
106887,4_4440,37.763878000000005,-92.170126,2004.0,361.83161634965603
105245,3_1247,34.776425,-80.739682,2003.0,247.99656819101574
42664,5_5071,41.553490000000004,-76.45996,2005.0,175.35382921893972
100346,11_6737,39.608686,-75.364241,2016.0,189.0372034644355
30211,9_7240,37.506027,-92.03957,2009.0,343.8816098745446
73606,6_3983,43.708909999999996,-70.60473,2016.0,315.7683674625657
125476,7_6154,45.579066,-92.778483,2007.0,77.93503520841764
136562,2_2171,38.457848999999996,-86.261162,2007.0,76.17093646297045
109272,4_4435,37.520286,-93.190149,2004.0,144.16383001033003
8121,6_8893,43.499525,-89.45166400000001,2017.0,50.12342437358943
43061,5_3630,36.729234000000005,-77.6822,2009.0,1366.5346038041273
62734,6_3408,34.444288,-80.938148,2016.0,393.49272440307567
92177,1_2723,47.188169,-94.718855,2016.0,655.4700768919467
77349,6_6048,34.149695,-92.309253,2006.0,626.4551169566978
111043,9_11025,33.036256,-81.607054,2014.0,3.2472931336840687
5586,6_9179,45.591709,-92.479831,2006.0,29.225638203156617
138111,2_2905,45.209441,-88.64954,2007.0,307.98159692432205
62015,6_3376,32.89862,-80.412851,2011.0,563.1329008498585
92315,1_2910,47.657965000000004,-95.021784,2006.0,52.16144118273437
68647,3_4252,38.213863,-89.752558,2008.0,97.13788965331176
69599,3_2981,32.224578,-84.355974,2003.0,565.5683707001215
8677,7_3985,44.653659999999995,-70.42779,2012.0,580.3918680696075
129898,7_7907,40.623740000000005,-75.93964,2007.0,98.53118980169974
44094,5_8049,48.379092,-94.200572,2015.0,747.807252934035
137334,2_2287,32.593582,-84.968265,2012.0,315.7683674625657
118663,2_3102,47.888027,-93.46906700000001,2007.0,3.2472931336840687
111563,4_278,35.438029,-86.835639,2014.0,251.33375556454877
80954,4_2900,45.9125,-70.09974,2009.0,1041.2350352084181
96712,8_7575,42.682545000000005,-77.862356,2013.0,9.741879401052206
67715,9_8372,35.544073,-92.380477,2009.0,125.11067988668555
43517,12_3438,32.537054,-88.437224,2016.0,238.04401052205586
103888,8_6755,41.738684,-78.18359,2013.0,151.90084823957915
9209,3_847,32.244018,-87.55635,2008.0,111.82093484419265
7766,6_8991,45.106041999999995,-90.022607,2017.0,184.67435208417646
124652,7_5113,46.981792999999996,-88.415213,2007.0,148.34473079630976
52908,6_7738,46.284746999999996,-87.67784,2011.0,494.0380275192231
74622,4_3617,39.035332000000004,-86.88695600000001,2014.0,173.3088261162822
120970,8_7088,44.88154,-71.545952,2008.0,206.5935807365439
115485,0_2828,48.950196999999996,-95.690957,2005.0,1365.2115297450418
28993,8_4860,38.574826,-88.369675,2008.0,320.42862889518415
101778,9_7297,29.926136,-82.360866,2009.0,48.709397005261025
103726,3_113,35.153952000000004,-86.400487,2003.0,295.17221286928367
62852,4_377,36.484382000000004,-87.66151500000001,2009.0,257.52776932416026
52467,6_8768,45.901897,-91.197099,2011.0,139.33716258041122
95534,1_1684,31.320583000000003,-81.649132,2016.0,503.7799069202753
98419,2_1260,33.049302000000004,-81.526096,2012.0,167.02921268121423
137163,2_2382,33.607846,-82.651747,2012.0,53.0603453216351
99516,2_1119,34.129123,-81.50030500000001,2007.0,530.9499960104466
81575,3_3881,45.433621,-90.606756,2013.0,89.90170619182517
76176,5_8842,46.402636,-89.295226,2010.0,177.53971419661906
108175,6_3531,34.937611,-83.017713,2016.0,173.8200768919466
45103,5_2932,34.086979,-82.494904,2010.0,291.6243472278429
73196,9_10842,35.812059000000005,-87.311053,2009.0,217.04491876601483
118416,8_7172,44.149257,-72.83405400000001,2008.0,95.05997075776206
46075,3_2094,35.712234,-83.088571,2013.0,209.02905058680693
46441,4_4312,38.841423999999996,-91.23249200000001,2004.0,212.5769162282477
90647,9_9960,41.875282,-77.371957,2014.0,137.2880291380008
96513,0_865,39.627739,-86.65614599999999,2010.0,19.129731242575154
80596,4_1264,33.897040999999994,-79.567155,2004.0,51.38122046968463
8871,11_6604,39.550453999999995,-79.29803000000001,2011.0,160.31965358154594
24859,0_2334,47.478614,-91.723888,2010.0,655.6807551598544
33155,10_8972,40.589506,-82.669682,2016.0,113.79311778612228
39043,1_976,31.349683000000002,-85.865625,2013.0,152.3418729259409
25500,0_2229,48.170593,-92.844048,2010.0,161.4320493727236
32544,1_2067,45.328062,-90.55896800000001,2017.0,115.57947875354107
50801,10_10590,30.945712,-89.53684,2010.0,80.15982679077297
35236,9_12123,36.724128,-80.892517,2013.0,179.8663304411868
116352,7_7368,36.186716,-93.45473199999999,2007.0,62.76629799437452
110164,4_2832,45.37795,-69.5415,2014.0,1083.7504184540676
137310,2_2247,31.574621,-81.689619,2002.0,154.12563982193444
21381,9_9131,43.556929,-73.214625,2014.0,247.78588992310807
73175,4_2398,31.244905,-83.611627,2014.0,182.23888223391344
107504,4_413,35.387617,-87.609314,2009.0,0.0
94869,1_1595,32.30199,-84.799211,2001.0,329.0581125050587
104161,3_167,36.525071999999994,-87.548551,2003.0,199.28717118575474
75310,3_2852,34.631384999999995,-84.300043,2008.0,227.189735329826
29554,10_10232,30.634591999999998,-81.90865699999999,2015.0,172.4970028328612
55405,2_1692,37.103190000000005,-78.548244,2014.0,359.6068247673006
134916,1_2377,47.043898,-95.875762,2011.0,192.36696935037094
59283,1_621,33.713478,-87.252439,2013.0,357.47962537360456
130796,2_1794,44.90152,-84.918643,2007.0,215.01238607851076
14872,4_3637,41.312653999999995,-85.654178,2015.0,370.06839148705274
143254,2_2064,45.353406,-84.162417,2007.0,349.65426709834077
136639,2_2242,31.803963,-81.45643100000001,2007.0,356.0786272764063
104031,3_171,35.249994,-86.34805300000001,2008.0,523.0529874544719
40012,9_11449,37.303143,-79.831287,2013.0,399.4760598947795
76339,3_2530,46.101092,-88.22179,2003.0,183.56195629299876
130783,1_114,36.53099,-87.34606,2006.0,199.28717118575474
5112,6_7986,44.29141,-85.614522,2017.0,86.15781140882275
78291,4_129,35.682176,-88.087942,2004.0,60.88674625657631
57386,2_804,32.112218,-87.344864,2014.0,617.8256333468232
92868,2_3519,47.249971,-92.446857,2012.0,153.01324403075677
66382,9_8323,33.970884000000005,-94.305041,2014.0,98.90198839875893
75300,5_8285,47.159859999999995,-95.697317,2015.0,388.6217847025496
54009,10_8145,43.141131,-71.514422,2016.0,227.87742156878681
72238,9_10867,35.998375,-85.53333,2009.0,228.30213112100364
119679,8_5763,43.96463,-69.596999,2013.0,302.47862242007284
84709,8_9509,35.510906,-93.49064399999999,2013.0,347.2187972480777
39708,5_6887,38.745472,-86.823605,2010.0,182.23888223391342
33207,5_5349,40.08804,-79.88863,2015.0,361.83161634965603
110733,9_11676,38.61442,-85.163824,2014.0,192.7925849183866
31485,9_12132,36.931276000000004,-80.685822,2009.0,146.12819101578307
126195,6_6345,36.320112,-78.951676,2011.0,487.45354701200586
127668,1_56,36.53321,-83.845178,2001.0,100.808218976904
136341,2_2246,31.800707,-81.85435600000001,2007.0,363.1546904087414
133772,7_7564,40.82778,-76.67494,2007.0,209.02905058680693
137871,2_4054,36.814445,-93.600854,2002.0,124.77774213840465
62506,4_383,36.481521,-87.990251,2014.0,71.74102144880615
106637,4_5144,48.774167,-94.924738,2014.0,616.5025592877378
79122,9_10448,42.228586,-75.444113,2014.0,106.41752709408023
108107,6_4059,44.65998,-69.47636999999999,2011.0,416.7350271145284
4600,7_6766,47.483354999999996,-95.326424,2007.0,440.55404405609545
49068,9_9153,43.975883,-72.75461800000001,2009.0,241.80255443140427
134805,5_3850,32.523516,-85.057446,2011.0,264.83417887494943
74815,5_8356,47.665623,-91.113374,2010.0,429.0022706056926
75237,3_2996,32.698692,-84.640793,2013.0,798.952119789559
27984,10_10199,30.33558,-83.351616,2015.0,284.5286159449614
105618,3_1322,33.922462,-82.343626,2003.0,776.8222128692839
34640,5_5732,45.984390000000005,-68.58306999999999,2015.0,688.4542590044517
61837,10_8000,42.01976,-71.697474,2010.0,409.84521186707804
82890,3_3622,48.248994,-93.220935,2013.0,556.2478478348846
36979,10_9485,37.479029,-80.38238100000001,2010.0,307.3495621205989
63045,5_8106,48.061362,-90.674032,2005.0,904.1576843383249
67032,8_9762,34.148884,-81.46885,2013.0,166.4117076750809
99531,1_2836,47.894721000000004,-90.625472,2011.0,587.6982776203967
86076,9_9101,43.817592,-72.70836,2014.0,96.09571995143669
6273,7_3857,45.53456,-70.07727,2012.0,947.7854633751521
33660,11_6336,45.171085999999995,-88.500741,2011.0,378.66922703358966
15110,5_7504,45.220356,-91.58711,2005.0,76.24125938981355
70046,3_26,35.775277,-85.69345600000001,2003.0,158.52539905588637
92683,2_3463,47.429293,-92.380261,2007.0,112.0316131121003
22969,9_9342,38.955339,-75.5404,2009.0,893.303409146095
75157,6_3939,46.95474,-68.69584,2011.0,438.44357749898825
137859,2_87,35.820909,-88.787444,2007.0,70.51668042744991
107398,6_3627,46.45684,-68.94827,2016.0,421.6059668150545
25681,0_2239,47.327775,-95.664469,2015.0,717.2143576960842
116331,0_2833,47.685438,-91.913078,2005.0,546.0846118980171
27566,0_1266,32.442332,-81.674557,2000.0,418.9598186968839
23079,10_11610,36.735852,-78.463151,2010.0,486.9422962363416
40374,5_3577,37.272265000000004,-77.88409300000001,2013.0,404.3469995953056
126658,6_6768,34.984584000000005,-78.812901,2006.0,100.75598138405503
27778,0_1056,31.486518,-83.853516,2010.0,102.28973371104811
32492,10_10958,33.336047,-92.714123,2014.0,554.3178579600975
9232,1_1089,31.600886,-86.386578,2013.0,393.49272440307567
82999,9_10045,40.909884999999996,-78.6435,2009.0,207.91665479562923
117346,0_899,32.219034,-84.442495,2005.0,307.3495621205989
9792,4_1543,34.575796000000004,-77.64967,2016.0,54.69273249696479
63389,3_2845,32.855094,-83.042439,2008.0,562.0205050586808
12735,5_7757,43.927061,-89.911986,2016.0,1009.256621168022
22342,9_6123,46.068932000000004,-92.019308,2014.0,679.6140971266695
120044,8_5852,44.192673,-69.93799,2008.0,704.1794738972076
6464,7_3805,44.362840000000006,-70.07388,2007.0,371.18994453540085
136954,2_5,35.951827,-86.11417800000001,2012.0,179.80341238365037
78204,8_9225,34.292358,-93.959417,2013.0,293.84913881019827
116178,8_7427,44.31272,-74.809221,2008.0,546.2952901659248
12262,5_7648,38.944012,-88.635676,2005.0,462.58759773371116
75218,6_3908,46.93255,-69.10096,2006.0,762.4200720356132
101866,9_7499,28.503859000000002,-81.868964,2009.0,72.85341723998381
9171,7_3740,45.4405,-69.17912,2007.0,836.1687688648597
140165,2_2517,31.578490999999996,-84.02994100000001,2002.0,900.6098186968842
10897,5_7088,45.150023,-90.072767,2005.0,379.0905835694051
22323,9_6131,44.599148,-89.643688,2009.0,239.43604530695353
26231,8_3856,41.719198,-94.049029,2013.0,236.49059004451638
14185,1_582,32.780141,-85.7793,2006.0,706.6517785901176
34597,5_5866,45.27704,-69.78087,2005.0,525.488457304735
143508,0_692,45.487901,-87.53639,2005.0,56.0158065560502
140592,2_2633,45.619068,-91.269086,2002.0,548.9414382840955
82584,8_9917,33.3272,-93.481976,2008.0,212.36623796033993
138147,2_63,36.078641,-85.953399,2007.0,294.96153460137594
71619,9_12172,47.351326,-94.108818,2009.0,30.33803399433428
124461,7_5363,36.630347,-90.775212,2012.0,281.52296466314533
40061,10_9064,40.687176,-82.821455,2010.0,254.2470976877075
67073,4_3054,41.180561,-88.012738,2009.0,99.71456719058446
132313,5_4624,36.091409999999996,-78.010238,2009.0,269.70511857547547
129253,7_7545,40.816320000000005,-76.35325999999999,2012.0,58.451276406313255
68253,3_4098,45.489639000000004,-88.28485699999999,2013.0,449.96922379603393
135480,5_4670,36.451274,-79.10256899999999,2005.0,64.434611898017
14235,5_7369,45.770032,-90.008034,2010.0,88.29085004272731
127860,7_9745,46.382261,-89.317183,2012.0,1122.5072577903684
8765,7_3721,44.88843,-68.17065,2007.0,575.5209283690815
128709,7_9729,41.114213,-82.69795699999999,2007.0,242.70427195467423
82146,4_2126,32.837346000000004,-81.965789,2009.0,299.83247430190204
130231,7_7880,41.037490000000005,-80.24223,2012.0,12.080433969792594
97668,1_2034,45.520070000000004,-91.167908,2006.0,85.03076649129906
16279,4_3179,42.011097,-86.168348,2015.0,195.52862727640633
142915,4_2523,45.10416,-70.52619,2009.0,711.2752051800892
125647,7_6277,45.105517,-88.445365,2012.0,311.1081060299473
14719,7_4583,37.174803000000004,-79.008783,2011.0,144.59443868878998
57272,6_5196,37.73854,-77.24730500000001,2015.0,801.1769113719145
79604,9_11904,37.988901,-83.66271,2009.0,618.0404235073038
143051,0_409,35.137637,-89.525992,2005.0,420.079936935114
66422,9_8121,35.793813,-93.537166,2009.0,172.4970028328612
126913,6_6301,35.479893,-85.865634,2011.0,202.8350368271955
81346,4_2148,31.931165999999997,-81.63985500000001,2009.0,233.17307082152976
7634,6_8665,45.853908000000004,-88.25816800000001,2006.0,430.23545042492896
86606,4_2977,44.373740000000005,-69.00124,2004.0,646.0091018481046
72169,9_10740,43.436721,-75.19722,2009.0,861.0168000295231
32414,5_3185,37.923781,-83.264746,2010.0,270.8175143666532
15032,11_6442,41.355911,-73.054068,2017.0,285.4303334682315
87455,9_9795,40.074744,-75.872685,2014.0,213.95159459684834
104613,8_6037,45.329205,-70.00309,2008.0,513.2576460695688
131916,7_8957,36.245796999999996,-77.421626,2011.0,96.09571995143669
67074,4_3054,41.180561,-88.012738,2004.0,89.39926713638606
3026,7_4703,36.577882,-76.277997,2011.0,367.7447986987013
92952,1_2784,47.627054,-93.880595,2011.0,141.04657304734926
110917,9_11495,36.870615,-80.40747900000001,2014.0,41.40298745447188
60615,2_1772,36.666263,-77.625348,2009.0,588.5228022348622
34752,5_5588,43.876290000000004,-70.66532,2005.0,226.0773395386483
36345,0_1388,45.312478000000006,-87.795889,2005.0,427.3786240388507
82601,3_3917,43.984934,-90.628289,2003.0,17.048288951841357
136984,2_54,36.031777000000005,-87.037908,2007.0,103.1914512343181
126572,7_5807,45.799264,-88.59589799999999,2007.0,302.89997895588806
17112,5_5154,41.44375,-78.98725,2016.0,113.14400890327802
93895,12_3212,33.781239,-94.12312299999999,2017.0,73.06409550789155
75454,6_3971,46.712579999999996,-69.12168,2011.0,540.1012764063133
130018,7_7922,41.316720000000004,-78.14501,2012.0,152.86900693007448
93000,1_2521,48.088735,-93.648584,2001.0,500.02136301092685
4570,1_855,34.248231,-87.676438,2001.0,212.5769162282477
42427,5_8528,47.139365000000005,-88.79713000000001,2010.0,127.53154161716766
119866,8_5826,45.628503,-68.770523,2008.0,144.80511695669762
42742,10_9365,44.534946999999995,-72.69314200000001,2016.0,90.11238445973288
134876,5_3716,32.737006,-85.71905100000001,2005.0,89.27606922112486
44948,10_9696,38.881044,-80.660746,2016.0,61.999142047753935
12563,4_3593,38.314706,-86.52771700000001,2009.0,193.09315742614328
103212,8_5337,47.636538,-94.910899,2008.0,206.5935807365439
2741,6_7753,45.979105,-87.836685,2017.0,365.3794819910967
106794,6_3492,33.731936,-81.30836500000001,2011.0,228.51280938891136
79069,3_3778,47.961303,-94.59706,2003.0,271.9299101578308
47831,9_8920,43.773122,-71.249213,2009.0,518.3927260218536
60132,2_1744,36.857690000000005,-79.746879,2014.0,187.10982193443954
142654,0_240,35.735673999999996,-87.976578,2000.0,81.48290084985837
7981,3_821,34.756498,-86.977714,2008.0,689.5666547956295
129419,7_8117,32.112016,-85.00710500000001,2012.0,371.5734957507083
63134,5_8099,47.364662,-95.329488,2010.0,544.9722161068394
124914,7_5926,45.908384000000005,-89.85483599999999,2007.0,391.798851746931
102022,0_2010,46.986371999999996,-95.211321,2015.0,122.88588830433021
74537,4_362,35.298809999999996,-85.530927,2004.0,471.00640307567795
50420,6_8269,45.668198,-93.637869,2011.0,331.49358235532173
62377,4_3815,46.381563,-91.633245,2014.0,536.5534107648726
66953,8_9759,33.815556,-82.24345100000001,2013.0,729.4358899231082
117604,2_3166,48.091062,-93.662545,2002.0,360.92989882638597
108902,4_4396,36.933095,-94.57012399999999,2009.0,403.02392553622013
128059,2_201,36.352231,-88.72059,2007.0,251.33375556454877
34246,5_5735,46.31426,-68.70365,2015.0,722.1294803723191
63299,4_3600,38.384362,-86.741122,2004.0,89.90170619182517
104303,8_5502,37.368337,-91.870713,2013.0,363.1546904087414
93533,12_3158,41.049752000000005,-74.64694200000001,2017.0,56.0158065560502
108615,4_4486,40.317443,-94.233582,2009.0,432.24956373937675
86209,4_3035,43.52978,-70.91152,2014.0,204.15811088628084
13175,7_4380,36.816315,-80.204864,2011.0,503.7799069202753
120378,2_3240,47.307813,-93.968855,2012.0,349.86494536624843
20954,9_6172,44.808514,-92.284561,2009.0,217.00683124241198
82037,3_3706,46.997425,-94.923149,2008.0,696.7181447408732
103935,8_6488,39.895651,-82.08184200000001,2013.0,223.43119142047755
51602,10_8202,43.778110999999996,-71.943444,2010.0,452.8457183326589
107025,4_4221,36.693421,-90.699588,2014.0,252.65682962363417
31080,0_2494,38.189487,-90.803299,2005.0,303.5910182112505
55808,11_7255,44.618528000000005,-71.454654,2017.0,947.9961416430598
114651,0_305,36.064537,-84.182788,2005.0,213.34763453529294
113444,9_5558,44.097056,-90.39537800000001,2009.0,217.02636341677518
123137,7_4051,38.709046,-82.330075,2012.0,156.5317710717221
77755,6_6041,34.764762,-93.31886300000001,2011.0,610.5192237960341
124574,7_5624,44.538484000000004,-89.59960799999999,2007.0,119.1273443949818
15651,5_7774,44.035157,-90.900675,2005.0,144.59443868878998
137216,2_2275,33.109132,-84.03627,2007.0,717.4692189397007
112268,9_5722,45.39699,-88.586439,2009.0,1328.890160259004
117014,7_8585,33.063417,-79.831546,2007.0,331.49358235532173
125334,7_6401,45.678363,-93.858081,2007.0,24.354698502630512
135954,2_3769,41.126418,-93.133523,2007.0,53.29605554550741
84364,3_3540,47.362502,-95.582868,2003.0,573.0854585188183
3307,7_6938,34.731417,-94.15021800000001,2017.0,301.15554836098744
139207,4_501,31.371982,-85.79284799999999,2010.0,267.0589704573047
41853,6_3235,36.618082,-78.13382800000001,2010.0,433.57263779846215
83964,3_3746,46.376706,-93.15824599999999,2003.0,103.40212950222583
37093,5_3501,38.236098999999996,-79.504604,2013.0,166.51366734115743
120914,2_3323,46.185477,-93.347778,2002.0,173.60939862403885
64460,4_4629,38.754833000000005,-94.205703,2009.0,471.21708134358556
33090,5_5673,44.546820000000004,-69.42177,2005.0,20.15550135113504
25678,9_7126,45.44678,-95.313677,2009.0,191.98076163496563
49841,7_7027,36.088387,-94.545004,2012.0,51.446704671833736
5523,6_9165,45.66577,-92.286434,2011.0,423.83075839740997
36693,5_5515,46.451240000000006,-68.56609,2010.0,1211.296568191016
83299,3_3278,47.823076,-90.842975,2008.0,870.2717847025499
122304,5_6453,33.984277,-85.130113,2005.0,1075.3316131121007
84045,8_8897,37.475381,-86.859629,2013.0,222.81027297772636
124332,7_4040,38.874561,-83.553119,2007.0,220.7625835994892
39770,10_9867,32.767773,-85.618247,2016.0,151.6901699716714
104490,8_6481,41.388884000000004,-84.357467,2008.0,308.4619579117766
137254,2_2272,31.30775,-84.094012,2002.0,170.06153298259812
23450,11_8174,29.571489,-81.426445,2016.0,138.6111031970862
62972,3_282,35.866367,-86.12084399999999,2008.0,426.266228247673
91717,12_3451,46.917803,-93.817761,2017.0,1160.1517013354917
81202,9_11588,38.871666999999995,-78.263357,2014.0,301.15554836098744
105854,8_6320,41.326933000000004,-81.025509,2008.0,296.06367691768105
58108,0_1324,44.277519,-90.461884,2005.0,362.9440121408337
49749,6_5503,38.419796999999996,-78.07722700000001,2006.0,289.93047457169837
58538,7_7238,35.791078000000006,-93.42110100000001,2007.0,200.39956697693242
80414,3_7,36.411145,-82.31876700000001,2008.0,91.22478025091058
56714,5_3517,37.685224,-76.394865,2009.0,64.69492478361161
125019,7_5792,44.49822,-88.706778,2012.0,131.30469364629707
139322,5_4190,32.952302,-86.388292,2011.0,403.4452820720354
63733,5_8262,47.077843,-91.64743100000001,2015.0,395.32704923782546
102035,9_7524,29.221858,-82.899529,2009.0,32.77350384459733
64631,6_4151,44.74329,-68.91022,2011.0,1034.1393039255365
84247,9_10083,39.968771000000004,-79.463984,2014.0,663.8888822339136
84943,10_11289,34.598240999999994,-93.94504,2010.0,460.1521278834481
70766,6_6248,34.145210999999996,-93.459055,2006.0,428.91237636584367
139123,5_4246,31.115503999999998,-87.428269,2005.0,151.6901699716714
75551,6_5932,36.38858,-92.384752,2016.0,129.61082099015243
52650,9_8096,34.675565,-91.000945,2015.0,131.30469364629707
73161,4_240,35.84745,-84.24334,2009.0,58.45127640631322
48739,6_9454,46.369928,-93.269471,2006.0,30.33803399433428
114571,0_298,34.995745,-88.84321700000001,2010.0,63.11153783893161
136238,2_3972,37.950939,-91.450058,2002.0,109.38546499392959
36873,0_2803,44.196129,-84.625446,2010.0,462.58759773371116
3417,7_6696,48.70879,-94.946993,2017.0,32.47293133684068
87143,9_9709,38.336467,-82.096852,2014.0,128.2213496605531
108444,4_3914,46.011171999999995,-91.925629,2014.0,201.72264103601782
30197,0_258,35.731549,-84.892955,2010.0,144.59443868878998
34420,9_12101,38.317914,-77.36021600000001,2013.0,49.821792796438686
3917,1_892,33.702775,-85.76618,2001.0,563.3435791177662
21300,10_11646,38.413662,-84.89050300000001,2010.0,128.45305117421157
122298,5_7025,42.986959999999996,-91.272888,2005.0,327.7350384459733
72383,4_2625,44.66366,-70.70668,2004.0,637.5200704168353
111884,6_3772,45.31953,-67.76109,2006.0,341.235461756374
99255,1_2857,46.40159,-94.310147,2011.0,376.4444354512343
104908,8_6293,41.091205,-80.81109599999999,2008.0,65.80683543731962
18405,11_8280,31.092347999999998,-90.475934,2016.0,350.97734115742617
137060,2_2377,31.202561,-82.559393,2002.0,151.6901699716714
13659,5_7023,42.680918,-92.348386,2016.0,74.17649129906921
139564,4_1506,35.410793,-79.602195,2010.0,531.6824710643466
135042,5_3735,33.294568,-87.599797,2005.0,236.72093646297043
14786,5_4969,41.64747,-78.52754,2005.0,166.57782093855064
126374,6_8541,40.401641999999995,-93.386258,2006.0,320.63930716309187
92051,1_2593,47.729972,-91.744814,2016.0,176.0448684743019
100052,9_5803,45.993856,-89.430408,2014.0,299.11740244763644
53663,10_8599,42.12251,-76.564267,2016.0,295.17221286928367
77451,1_1147,42.225993,-85.175822,2011.0,143.45158929046485
70037,3_2581,44.300577000000004,-85.890263,2003.0,314.65597167138804
21367,10_11530,37.39479,-81.983604,2015.0,244.0273460137596
43299,1_1281,44.5582,-84.93741,2001.0,241.22107756643732
129274,7_7541,41.47485,-75.99963000000001,2012.0,75.4995653581546
111165,4_2683,44.86027,-68.59539000000001,2014.0,1097.2508417644683
71403,5_8878,33.549347,-79.805829,2015.0,46.273927154997985
75395,4_4730,47.271249,-92.013541,2004.0,65.75768595710241
116492,7_8556,33.5703,-81.609903,2017.0,864.5783226839704
55193,7_6468,49.184353,-95.03236899999999,2012.0,26.79016835289356
74370,1_3053,39.791734000000005,-93.856912,2001.0,251.33375556454877
25147,9_7179,38.409459000000005,-91.692895,2009.0,102.14928153244298
7475,0_1199,32.464651,-82.868378,2010.0,339.9123876972886
47765,10_10569,33.547398,-88.879722,2016.0,210.89269126054725
143326,1_389,35.881634999999996,-84.02199300000001,2006.0,252.44615135572644
133542,1_313,35.081027,-88.884331,2011.0,117.80427033589639
100237,9_5977,44.953405,-91.393323,2009.0,201.08335611297028
131624,5_4760,35.680009000000005,-81.65745600000001,2005.0,105.83759935248888
136698,2_4143,37.477183000000004,-90.975055,2002.0,187.10982193443954
91178,1_2559,48.203293,-94.126416,2001.0,519.5051218130313
35178,1_2121,45.083203000000005,-89.069362,2017.0,120.23974018615944
105718,8_6186,44.622244,-68.65096199999999,2008.0,1286.794025152525
74529,3_2926,31.502238000000002,-81.240382,2013.0,135.9649550789154
143818,0_2413,36.804225,-90.681411,2005.0,131.30469364629707
89691,9_9961,41.794175,-77.433449,2009.0,133.74016349656011
40586,6_4209,34.909765,-84.824565,2006.0,354.7358850667745
90717,9_9741,37.430462,-81.516922,2014.0,463.6999935248888
71450,3_2553,43.839721000000004,-85.757906,2003.0,149.46537838931607
35523,6_4913,31.32443,-84.462274,2011.0,41.40298745447188
110856,9_11483,37.236348,-82.314235,2009.0,150.57777418049372
120585,2_3329,47.06004,-95.63994699999999,2017.0,334.1397304734924
56292,5_3509,38.307241999999995,-77.199952,2005.0,378.8799053014974
124694,7_5072,46.343126,-86.365512,2007.0,95.88504168352894
126516,6_8528,37.394403999999994,-93.60244200000001,2006.0,48.709397005261025
59573,6_5483,36.903059999999996,-80.644217,2015.0,314.4452934034804
127004,6_7038,37.436566,-82.738147,2006.0,350.97734115742617
26383,0_2301,47.172388,-91.579841,2015.0,401.91152974504257
74103,6_5653,34.459461,-93.941381,2011.0,262.39870902468635
95217,1_1897,32.868019,-82.837391,2011.0,90.11238445973288
59789,10_7829,38.537504,-75.38750999999999,2016.0,918.2340895639813
93837,1_1634,34.933437,-85.450188,2006.0,344.9940056657223
137070,2_2369,34.672771999999995,-84.04043100000001,2007.0,224.75426547956295
65243,4_3787,45.209666,-89.480965,2009.0,1124.9427276406313
36894,5_4961,41.638329999999996,-78.21202,2005.0,326.83332092270325
75163,4_4745,47.666893,-92.040561,2009.0,280.34871549979766
81982,8_8964,38.146045,-85.35137900000001,2013.0,371.5734957507083
6131,11_7342,42.992859,-71.217488,2011.0,614.2777677053825
31443,5_2800,34.498944,-80.633493,2015.0,9.741879401052206
56553,10_9157,38.992248,-86.20489,2010.0,165.19059328207203
51261,6_8393,47.862578000000006,-90.37109,2016.0,1066.7021295022262
56238,5_2952,34.474723,-82.781802,2010.0,353.4128110076892
75859,6_5915,34.30593,-91.20918499999999,2006.0,162.75512343180898
90400,4_2260,30.823303000000003,-83.826512,2004.0,14.612819101578307
3570,5_8933,45.612659,-89.704227,2016.0,576.4226458923514
112635,6_3639,45.4742,-69.62807,2016.0,356.3595316336166
104814,3_1853,42.683865000000004,-85.551048,2003.0,166.12373352119317
45123,5_2913,33.534233,-80.011258,2010.0,529.9819927096391
137344,2_2250,30.886164,-83.27039,2007.0,123.97204760627757
50585,10_10541,32.528003000000005,-88.895067,2010.0,189.54529178470256
12016,5_6385,36.954671999999995,-82.8867,2010.0,164.07819749089438
7139,8_4309,44.574884000000004,-88.634292,2008.0,3.2472931336840687
5903,6_7715,46.159636,-85.926975,2017.0,228.5128093889113
21064,9_7474,30.871753000000002,-85.315925,2009.0,474.9756252529339
114917,8_5814,45.944128000000006,-68.27506600000001,2008.0,876.4657984621613
39445,1_516,33.471638,-88.240051,2006.0,195.52862727640633
114676,0_900,33.023469,-84.839848,2015.0,270.12647511129074
15152,5_6010,37.361369,-82.927588,2005.0,79.41822959665453
67857,4_3173,45.099401,-85.61949200000001,2004.0,154.3363180898422
59725,6_8503,38.211394,-92.308308,2006.0,281.67178955888306
22690,9_9386,39.215599,-77.06089300000001,2014.0,6.494586267368137
9898,7_4440,36.811256,-82.678054,2011.0,224.75426547956295
103253,8_5236,40.969891,-85.959701,2008.0,289.93047457169837
121609,6_3280,34.724123,-82.64802900000001,2011.0,211.7779967544306
28940,8_4893,40.549426000000004,-89.42631800000001,2013.0,19.48375880210441
5650,6_9134,46.735658,-91.535282,2006.0,684.4850368271957
40020,10_8969,40.799828999999995,-82.41769599999999,2016.0,156.77178794010524
83565,3_3248,47.084548999999996,-94.024026,2003.0,301.5833289544081
59771,7_7218,34.604625,-93.60871,2017.0,113.14400890327802
68911,9_7759,30.679524,-85.85933,2009.0,261.1849142017774
46941,5_8088,46.390426,-94.509914,2010.0,302.47862242007284
71646,9_12026,36.825387,-84.944343,2014.0,149.28453311928595
124235,7_5056,46.673218,-85.312461,2012.0,415.20127478753545
43011,1_539,32.096591,-85.19868199999999,2013.0,51.14486685552409
42783,1_1365,45.09064,-84.31584699999999,2011.0,522.151269931202
117325,10_10017,29.712765,-83.287972,2010.0,287.8494251005236
120662,2_3335,46.781912,-95.566229,2002.0,184.67435208417646
137239,5_4543,35.981065,-80.888775,2005.0,252.92242977676088
38713,5_7120,46.026945,-89.189518,2010.0,301.15554836098744
96248,8_7296,42.520268,-74.59146700000001,2013.0,399.4760598947795
66653,4_3217,46.406095,-86.276813,2009.0,81.48290084985837
102725,11_6766,39.644746000000005,-74.52261,2011.0,697.9854601375963
138499,2_4083,36.596077,-91.242588,2007.0,128.86922379603402
34705,1_2198,45.698941,-88.646387,2006.0,163.60978013586114
42997,5_8868,37.620095,-80.122958,2013.0,51.14486685552409
26121,0_1137,31.192262,-81.730508,2005.0,267.48032699312006
80340,8_8792,38.114201,-82.84948100000001,2013.0,141.04657304734926
126034,6_7258,37.982882000000004,-83.599788,2006.0,472.32947713476335
16149,7_4484,36.937529,-78.803464,2011.0,642.1803318494538
59797,10_7827,38.911833,-75.334925,2010.0,252.65682962363417
98097,2_3562,46.098671,-93.553537,2002.0,156.77178794010524
46846,5_6748,32.581627000000005,-81.73964000000001,2010.0,478.3128126264671
137576,2_2222,32.940734,-81.842664,2007.0,770.6281991096724
33986,12_3390,34.47728,-88.8385,2016.0,338.7999919061109
70608,3_2871,33.852351,-85.070995,2013.0,268.3820445163901
12484,5_7647,39.027621999999994,-88.569558,2016.0,226.97905706191824
69966,6_5685,35.005069,-91.513079,2016.0,131.09401537838932
80581,9_11821,36.839215,-84.002806,2009.0,71.74102144880615
12569,5_6633,34.086327000000004,-83.699386,2010.0,65.90801181307897
130087,7_7913,40.62018,-76.63358000000001,2007.0,116.69187454471876
139265,5_3212,35.163612,-83.12029,2011.0,135.8708064798154
34339,1_2113,42.548118,-90.027357,2001.0,142.5999935248887
57528,7_6355,46.156032,-92.650161,2017.0,781.5527003912046
86338,9_8716,39.327905,-82.32743599999999,2014.0,36.53204775394577
28822,8_4801,46.143934,-92.017388,2013.0,333.7183739376771
133613,7_9297,37.705052,-83.539073,2007.0,187.10982193443954
133112,1_3094,38.482822,-93.635927,2011.0,61.92182586853789
79769,4_1258,34.164058000000004,-79.89224300000001,2004.0,43.08024499286058
86631,9_8389,35.768387,-94.20962800000001,2009.0,182.23888223391342
37945,10_9379,44.892811,-72.593317,2016.0,241.80255443140427
129250,7_9525,36.961957,-88.983424,2007.0,86.35384055038448
120612,10_10922,36.426891,-91.643294,2010.0,274.36538000809384
18159,9_6775,47.287038,-92.64636800000001,2014.0,881.3367381626874
120515,8_7194,43.499875,-72.71024,2013.0,60.816002935514554
38000,5_3190,37.147985999999996,-84.49922,2005.0,58.45127640631323
104909,2_3630,48.585449,-94.68894499999999,2017.0,386.1863148522865
29433,0_1486,42.763553,-88.585081,2010.0,109.38546499392959
69300,3_4282,41.010287,-90.92062,2003.0,114.25640469445571
3543,6_7963,46.542709,-88.833038,2017.0,142.15896883852693
80900,4_165,35.292196000000004,-88.25999300000001,2014.0,229.4145269121813
88157,4_2220,32.255974,-84.313769,2004.0,57.12820234722784
31643,5_5908,44.59864,-69.16441,2005.0,1234.3281926345608
99405,2_1114,34.794748,-79.808306,2002.0,48.70939700526102
59282,7_7145,36.063102,-91.259378,2007.0,553.6016997167139
71622,4_2420,30.791653999999998,-84.40426500000001,2004.0,242.91495022258198
23892,9_7558,30.517815999999996,-83.28122900000001,2014.0,0.0
62815,6_3385,33.229378999999994,-80.69785,2016.0,475.87734277620405
9931,5_7237,45.537175,-89.543198,2010.0,142.15896883852693
9245,6_7666,45.472896,-84.85593399999999,2006.0,200.8424365701535
143225,1_3302,37.329528,-90.439301,2001.0,290.3012731687576
42590,5_7982,37.045190999999996,-90.85306800000001,2005.0,149.46537838931607
68947,9_7766,30.727519,-85.807854,2014.0,73.19104130286237
43591,0_582,43.807619,-82.88968,2010.0,61.999142047753935
110413,4_2796,45.89075,-68.70738,2014.0,886.2076778632135
96777,8_7449,44.924657,-74.739975,2008.0,93.44957183326588
36650,10_9664,38.527586,-81.980912,2010.0,109.38546499392959
16115,4_3132,42.258942,-88.818638,2015.0,38.96751760420882
6711,8_4307,44.589659000000005,-88.449096,2008.0,53.58033670578715
114078,8_8073,33.156799,-82.78402700000001,2013.0,392.38032861189794
99798,2_1292,34.119461,-79.709212,2017.0,41.40298745447188
31208,10_9620,38.045626,-81.553139,2016.0,196.85170133549173
7184,7_4031,44.29575,-70.6983,2017.0,183.56195629299876
62391,5_8530,47.055755,-88.823724,2005.0,271.0281926345608
49663,10_7999,42.078651,-71.495296,2016.0,171.38460704168352
74587,3_3122,31.464990999999998,-82.89094,2008.0,556.0371695669771
72541,9_12151,45.375181,-89.650502,2009.0,91.01410198300283
84604,8_9470,35.666388,-94.184917,2013.0,173.8003945055457
127428,6_9068,46.151196999999996,-90.882124,2006.0,399.4760598947795
126637,6_6747,34.257115,-78.836568,2011.0,332.14528530959126
140222,2_25,35.261918,-88.780314,2002.0,255.0922994738972
35650,5_5499,47.050470000000004,-67.83827,2015.0,888.4324694455689
129181,2_2004,44.429947,-85.32157,2002.0,147.02990853905303
10428,5_7801,45.870746999999994,-89.798351,2005.0,512.1987122622421
88062,4_1372,34.45167,-79.594961,2009.0,0.0
98265,2_3528,47.036659,-92.171685,2002.0,250.22135977337112
87851,4_2377,34.347421000000004,-85.472082,2009.0,141.25405719515436
18434,9_6798,45.222882,-93.152936,2009.0,154.58428070936083
105667,3_1318,34.054828,-81.353942,2013.0,58.74668832474625
96593,2_3060,46.908933000000005,-95.04298,2002.0,447.12378954906444
122038,7_5139,43.810163,-85.611921,2007.0,144.99144062405963
103705,8_5559,36.600597,-93.634336,2008.0,115.36880048563334
83108,4_348,35.765710999999996,-86.41154499999999,2004.0,397.0405900445164
46258,2_1041,31.72968,-87.591872,2014.0,230.75960109251668
45059,0_2587,37.631425,-93.135664,2016.0,129.58986816630642
30386,8_4403,43.240626,-89.856183,2013.0,332.39418701782137
65071,6_3245,33.633340000000004,-79.001189,2016.0,876.2551201942537
79347,8_9604,35.785833000000004,-92.345425,2008.0,58.45127640631323
80767,8_9217,34.362873,-93.336925,2013.0,338.7999919061109
79938,4_106,35.80128,-83.173996,2009.0,174.93247268312427
63463,5_8237,44.588219,-92.671739,2015.0,160.31965358154594
63664,3_3107,34.392855,-85.481633,2013.0,393.3244848466942
114689,0_930,32.14074,-83.55467,2010.0,302.47862242007284
104315,8_5239,45.594161,-94.094246,2013.0,0.0
103874,8_6752,41.775548,-78.142163,2013.0,290.3012731687576
143157,0_540,45.928483,-88.061318,2010.0,230.73760097126672
142238,7_4836,39.155339,-86.76706300000001,2012.0,210.14144637798466
26994,0_239,35.822466,-87.93340699999999,2015.0,280.5593937677054
30115,0_1765,47.364067,-93.983114,2000.0,249.47976257925265
70434,3_3177,32.068932000000004,-81.745439,2013.0,74.75839806843999
31659,1_2206,42.979876000000004,-90.751365,2017.0,48.74221676454916
73758,0_1716,46.824175,-90.890213,2005.0,290.3012731687576
59938,10_7800,41.323943,-73.09523100000001,2010.0,416.46058528136945
75725,6_5898,33.81122,-92.386709,2006.0,218.66313933798276
46565,5_7916,36.95066,-90.647811,2005.0,230.73760097126672
43042,1_1342,45.596047,-87.64180999999999,2006.0,793.1794625657627
126996,6_7042,36.523148,-89.101333,2006.0,42.28735704820669
129148,2_1774,44.731189,-83.39784499999999,2002.0,251.33375556454877
77650,6_5982,34.063724,-93.181251,2016.0,226.74871064346416
21799,9_6312,44.740312,-84.933936,2009.0,169.6337181280933
19780,0_1663,44.590978,-90.701691,2010.0,654.1470028328613
64985,3_3052,31.775675,-83.34888000000001,2008.0,215.01238607851076
6271,6_9324,44.334365999999996,-89.815405,2006.0,184.67435208417646
60989,7_7274,35.658173,-94.208342,2007.0,109.66218819905264
20935,9_6209,45.475217,-91.88194200000001,2014.0,262.6989925292725
136159,2_4044,40.056058,-92.798232,2007.0,139.72349898826388
41380,5_7943,39.088881,-92.687472,2005.0,63.270460869847795
39522,5_6875,35.079128999999995,-87.133157,2015.0,410.33033508700936
64869,4_4540,37.587672,-92.382053,2004.0,324.18717280453257
115166,8_5711,45.255801,-68.099109,2013.0,672.5183658437882
19300,8_4967,46.609519,-93.339187,2008.0,206.3829024686362
10070,6_7674,43.388087,-85.822263,2006.0,181.1264864427357
42566,2_1443,38.366991999999996,-77.716587,2014.0,388.6217847025496
124412,7_4986,42.343655,-85.580752,2007.0,34.59099565228981
52828,9_9774,40.350390999999995,-75.519981,2015.0,251.5216181278198
82561,8_9896,33.402328000000004,-84.172534,2013.0,780.2438169807754
131076,2_1998,45.783654,-87.496438,2007.0,841.4871711857546
25316,0_268,35.675529,-84.608863,2000.0,306.02648806151353
90839,10_8308,40.195496,-74.66136999999999,2015.0,199.28717118575474
139658,2_2539,32.728803000000006,-82.379638,2002.0,231.158957507082
53570,9_10066,41.145532,-78.814853,2015.0,559.0267165548144
99831,2_1287,33.310443,-79.87915600000001,2012.0,628.8905868069609
46147,5_7824,38.033274,-92.06972900000001,2015.0,14.470401410892308
86804,9_8144,33.324244,-93.887186,2014.0,118.01494860380411
60816,2_1742,37.115536,-80.00074000000001,2002.0,381.526053419668
82003,4_2132,33.022084,-83.702995,2004.0,285.21965520032376
53815,6_8066,46.152118,-93.37779599999999,2016.0,400.79913395386484
110485,4_2956,46.11696,-69.91095,2009.0,306.02648806151353
128406,7_9550,37.54272,-83.28453,2007.0,106.94999514366654
55028,7_6480,47.849841,-95.81434200000001,2012.0,64.14363955498042
60967,5_3032,33.847415000000005,-80.041984,2005.0,267.0589704573047
106894,9_11264,31.277725,-84.088639,2009.0,51.14486685552409
74294,6_6166,36.134633,-92.600365,2006.0,445.53930878186975
46051,3_1945,34.974334000000006,-78.26705,2003.0,179.02824547204153
51727,10_8617,42.423522999999996,-76.689307,2016.0,358.2837507082153
38593,1_1200,42.472456,-84.70618499999999,2001.0,68.19315580736546
111525,3_4677,38.344582,-94.192077,2003.0,65.36042204389845
75982,1_3528,44.460454,-84.271164,2011.0,308.2512796438689
127623,7_7893,39.7581,-77.87605,2012.0,348.10084662080124
121615,5_5194,40.044129999999996,-78.58166999999999,2010.0,36.53204775394577
22483,9_9326,41.46009,-71.666219,2009.0,305.29051091982694
79173,9_10289,41.669343,-74.045799,2009.0,191.98076163496563
118132,2_3382,46.775940999999996,-93.632275,2002.0,216.3354601375961
70093,3_3151,31.468677000000003,-84.36036700000001,2008.0,12.177349251315256
44866,0_482,46.5384,-88.66506600000001,2005.0,635.9863180898423
131630,5_4833,35.011458000000005,-78.726232,2005.0,201.11643238333224
25684,0_2239,47.327775,-95.664469,2000.0,398.1096818203919
131993,1_429,35.567419,-88.727028,2006.0,336.2394538716482
91967,1_2603,47.627125,-91.184678,2006.0,333.9290522055848
73434,0_1685,46.146239,-92.200041,2016.0,580.3727955471008
124564,7_5380,37.685792,-91.21191,2007.0,144.59443868878998
34393,9_12102,37.698898,-79.951608,2009.0,99.64358559287737
135015,3_2694,41.980613,-85.5292,2008.0,240.4794803723189
6513,7_4016,45.224740000000004,-70.86291,2017.0,119.1273443949818
105082,3_198,34.99484,-84.465819,2003.0,480.95896074463775
114338,7_8628,34.304415999999996,-82.183937,2017.0,204.15811088628084
133481,1_3538,45.039782,-89.77754,2011.0,193.073489275597
71863,4_2560,44.798120000000004,-68.07063000000001,2014.0,478.52349089437473
4046,6_7403,41.153978,-93.681315,2017.0,19.483758802104408
128822,1_245,35.912914,-86.757437,2001.0,87.67691460946986
106455,6_3500,34.024945,-82.335063,2011.0,360.92989882638597
136940,2_2141,39.683962,-87.056988,2012.0,140.83589477944153
130629,6_9261,46.224455,-91.895884,2006.0,335.3925784432753
51486,6_5247,37.704983,-76.320317,2006.0,125.11067988668555
4614,11_6457,39.315690000000004,-75.758309,2017.0,123.99828409550793
19814,0_1614,45.499234,-89.127169,2010.0,338.5893136382032
62240,3_2751,39.092424,-86.577079,2008.0,377.05649562039434
63934,6_4005,44.85334,-70.47712,2016.0,968.5922962363419
28896,0_1735,43.647389000000004,-91.62048100000001,2005.0,372.3150929448266
93909,8_6559,40.950218,-75.843172,2013.0,330.38118656414406
135723,2_3790,38.299240999999995,-88.514772,2012.0,526.230265763622
52430,9_6211,44.611792,-92.209478,2015.0,29.225638203156617
32495,5_5709,45.497409999999995,-68.42309,2010.0,744.2593872925942
64404,6_3880,46.8211,-68.83681,2006.0,117.80427033589639
49023,9_5739,43.843819,-89.08205600000001,2015.0,210.14144637798466
98805,8_7258,43.447665,-73.541462,2008.0,286.7534075273168
95058,1_1796,33.707507,-83.509241,2016.0,19.48375880210441
37512,5_3052,34.39095,-79.43092800000001,2010.0,558.3321872386348
136521,2_2105,39.129628000000004,-86.906924,2012.0,106.94999514366654
46226,1_2966,36.506005,-93.875383,2017.0,94.77264589235128
40704,5_7809,46.088289,-89.333835,2005.0,314.4452934034804
114293,7_8634,32.641246,-81.23240200000001,2017.0,392.58206237278966
95772,0_652,46.133221999999996,-85.096726,2015.0,1162.7978494536628
46907,1_465,31.471311,-87.290918,2006.0,305.81580979360587
14767,5_6718,34.228168,-84.696129,2015.0,385.0564040662084
107338,6_3436,34.640395,-82.236205,2016.0,450.43666845083317
31056,0_1501,43.291967,-88.256827,2010.0,236.72093646297043
67089,3_4421,37.002101,-91.540674,2013.0,279.44699797652765
98102,1_2764,47.592713,-93.382024,2016.0,1267.681938209074
109426,4_4411,36.578706,-92.409474,2014.0,48.709397005261025
131958,7_9384,36.623995,-84.311784,2012.0,136.17563334682316
62456,6_3365,32.980746999999994,-80.79918,2011.0,353.4128110076892
108646,9_10700,43.257906,-75.492494,2009.0,141.25725131525687
50777,6_8357,47.091009,-95.300393,2011.0,366.88213302316325
69645,6_5025,32.719475,-82.676498,2016.0,116.01079212313905
130655,6_9269,45.275064,-89.793824,2006.0,145.91751274787535
59950,7_7130,35.634169,-93.481729,2012.0,121.56281424524487
46859,4_4219,36.505849,-91.067571,2015.0,326.62264265479564
76890,1_1442,46.392669,-86.185505,2017.0,181.1264864427357
20041,11_7946,30.510227,-83.237961,2016.0,449.29785269121817
53708,10_8658,42.166179,-77.524407,2010.0,184.5338999055713
5174,7_6548,45.747588,-92.869401,2012.0,263.51110481586403
118403,2_3268,47.018358,-94.479262,2007.0,461.26452367462576
115773,10_10075,30.564515999999998,-83.25484399999999,2010.0,155.86982974498514
108498,9_11222,31.734945,-84.215108,2009.0,12.177349251315256
9404,6_8925,43.066544,-90.108589,2006.0,371.5734957507082
131008,2_1812,45.278929999999995,-84.545914,2002.0,429.60341562120607
28067,0_1864,47.881578000000005,-89.916898,2000.0,209.02905058680693
69962,3_2670,44.615137,-84.330624,2003.0,291.6243472278429
71620,4_2420,30.791653999999998,-84.40426500000001,2014.0,121.56281424524487
42857,5_3596,38.365984000000005,-79.27803,2009.0,57.19892108157967
37151,0_508,46.605229,-85.055458,2000.0,325.29956859571024
13232,7_4374,38.685721,-78.53943199999999,2016.0,57.12820234722784
42369,3_2100,35.185148,-82.565263,2003.0,368.02563010926747
92832,2_3489,47.970633,-92.486742,2012.0,518.1820477539459
111360,4_2673,45.07786,-68.43251,2004.0,772.1619514366655
124409,7_4976,44.19343,-84.551567,2012.0,302.2679441521651
17473,11_7615,34.977019,-80.110179,2011.0,160.31965358154594
85444,9_8817,39.645185,-83.98451999999999,2014.0,229.99600377714825
79935,9_11787,38.521364,-85.139725,2014.0,98.34029432641017
70799,3_2650,46.914326,-89.130112,2003.0,218.77092998785912
99067,8_7413,42.514576,-75.652771,2008.0,145.20095348879187
21006,0_2043,47.633065,-94.66471700000001,2000.0,43.0419234690173
24294,0_2480,37.600114000000005,-91.92444499999999,2005.0,426.26934346402874
29893,0_2242,47.210479,-95.832797,2000.0,757.3384540671791
35239,9_12120,37.518708000000004,-81.967053,2009.0,92.54785430999597
65602,4_4529,38.184562,-90.546313,2014.0,202.8350368271955
48576,10_10440,34.784865,-78.51965799999999,2016.0,156.77178794010524
63588,3_2787,38.819944,-85.108361,2003.0,84.4879181393019
123075,7_5457,36.801352,-93.560199,2012.0,209.02905058680693
24493,9_7003,47.106749,-95.038025,2009.0,94.71484003689595
50816,10_10577,32.315072,-89.253162,2010.0,24.35469850263051
11968,5_6663,32.535984,-82.705938,2010.0,256.8970215075575
121056,6_4801,40.56626,-77.89451,2006.0,99.46237641414902
119925,8_5300,38.657651,-85.95250899999999,2013.0,299.83247430190204
132109,7_9358,37.075846000000006,-83.01739,2007.0,86.35384055038448
117722,2_3191,48.146995000000004,-94.071285,2012.0,296.28460866046134
71385,3_3042,31.677235999999997,-82.514664,2013.0,79.04743099959532
12831,5_7718,38.006384999999995,-88.65449,2010.0,92.33717604208822
48418,7_3654,45.07608,-68.69478000000001,2017.0,1360.5512683124236
45141,1_2026,45.586779,-91.331703,2011.0,162.75512343180898
100738,3_1290,34.477835999999996,-82.710538,2003.0,52.21237254510538
11260,5_7227,45.187459000000004,-89.411393,2005.0,144.59443868878998
38802,5_8606,46.795525,-87.692047,2016.0,613.5361705112639
120836,8_7209,40.916066,-72.94723,2008.0,189.54529178470256
108116,4_4098,41.749838000000004,-95.789063,2009.0,4.870939700526103
41302,5_7958,39.115464,-90.950715,2015.0,38.96751760420882
22193,0_2066,46.901268,-92.099811,2000.0,358.2837507082153
10124,6_8867,46.002132,-88.60309699999999,2006.0,121.56281424524487
57489,2_1722,37.941942,-76.945178,2009.0,386.18631485228656
140584,2_2626,43.422304,-90.555022,2012.0,229.62520518008904
2082,6_9204,43.976964,-90.78869,2011.0,256.20469526507486
100014,11_7158,44.499082,-72.254615,2016.0,172.4970028328612
18274,11_8008,30.128790999999996,-82.483712,2011.0,340.1830529073209
143980,2_3326,47.137412,-95.854219,2007.0,34.933240661949974
51278,7_3667,45.76873,-68.70291,2012.0,1406.6145171995138
17497,5_7782,44.897524,-91.77176,2010.0,59.934470794550116
38548,6_4963,32.697817,-83.770666,2006.0,66.65215791633966
48716,9_9457,41.1584,-74.84368,2015.0,238.04401052205586
71158,3_2680,45.151153,-84.574989,2008.0,149.6760566572237
95063,1_1737,32.781240999999994,-82.867762,2011.0,882.4491339538652
31881,5_5660,44.35167,-68.59968,2010.0,364.15447201661544
9643,4_2003,35.253198,-77.461772,2004.0,34.096577903682714
60903,11_7089,40.808015999999995,-80.53224399999999,2011.0,239.1564063132335
120448,2_3309,47.676952,-90.681917,2002.0,384.86324079320116
43540,5_5335,41.82464,-79.11361,2010.0,77.93503520841764
127988,6_9116,45.798089000000004,-91.536822,2011.0,277.01152812626464
100522,11_6320,45.370328,-92.42104300000001,2016.0,679.8247753945772
95228,12_3252,35.204419,-84.210465,2017.0,304.6688139638221
56504,0_867,41.715446,-86.353412,2010.0,240.6708491713856
8472,6_8603,36.648778,-91.06489300000001,2017.0,250.96295696748953
111894,4_4021,45.626157,-92.054973,2014.0,194.20555321732093
99717,2_1296,33.820881,-79.341013,2012.0,405.45939538648327
101355,11_6849,44.924904,-73.700918,2016.0,331.49358235532173
98448,2_1257,33.640668,-81.420665,2007.0,486.9422962363416
78596,4_1151,33.884781,-80.290462,2014.0,292.73674301902065
6785,0_1357,45.471920000000004,-89.801125,2010.0,68.19315580736543
28584,0_1747,46.825234,-95.057333,2005.0,23.72886659536811
107771,3_2473,46.058557,-86.620243,2013.0,896.1602355321733
94542,1_1652,30.681466999999998,-83.071188,2006.0,41.40298745447188
22933,10_7980,41.884256,-69.984335,2010.0,79.04743099959532
132991,1_270,36.378853,-84.92612,2011.0,116.26207086838158
36083,1_995,30.416320000000002,-87.742271,2001.0,382.84912747875336
45317,0_2581,38.023545,-91.141275,2016.0,110.06490555294593
28936,8_4885,40.031364,-90.625688,2013.0,74.17649129906921
121224,6_4428,41.051829999999995,-78.78031,2006.0,72.35125477026747
37691,0_2672,36.851168,-93.196558,2010.0,432.24956373937687
14578,7_4584,37.94457,-77.55712700000001,2016.0,467.6692157021448
39616,6_4237,32.254859,-82.023864,2006.0,571.6922044631392
31877,1_2268,45.778994,-89.313701,2011.0,172.4970028328612
140681,2_2725,46.267074,-90.861362,2012.0,599.6649486038043
78786,9_10262,41.220329,-73.600157,2014.0,223.5014175097801
139045,1_2129,45.363848,-89.503046,2001.0,724.7756284904898
101910,0_1904,44.433199,-92.90626,2010.0,127.54614973694859
50127,6_8294,45.589324,-94.396946,2011.0,9.741879401052206
105056,8_6380,41.046894,-81.83774100000001,2013.0,162.0837523269931
68252,9_7903,33.269087,-93.282,2009.0,162.75512343180898
45577,5_2915,33.655236,-79.95834,2010.0,278.4244964251989
108936,9_11376,32.582667,-83.464878,2014.0,427.3786240388507
43438,5_7325,43.816871,-90.415712,2010.0,91.22478025091058
58321,7_7247,33.404804,-92.915306,2007.0,222.3187956292999
86555,9_8201,33.404456,-92.977414,2009.0,248.8982857142857
35987,5_3428,38.018619,-76.998503,2005.0,89.16010899770671
95560,1_1729,31.800984999999997,-82.667433,2006.0,135.9649550789154
71043,5_8624,46.070602,-84.223,2015.0,285.64101173613915
87930,4_2317,32.635218,-83.2544,2004.0,150.57777418049372
62211,3_2848,34.580356,-84.488434,2003.0,349.65426709834077
12235,7_4377,36.635883,-80.581299,2007.0,189.54529178470256
129914,7_9643,37.557573,-82.741218,2007.0,114.25640469445571
90492,10_8259,44.900897,-71.485752,2010.0,182.6115406922649
108421,4_3964,42.596841999999995,-89.122434,2004.0,235.60854067179278
137831,2_2866,43.416528,-88.264714,2007.0,301.22566214893294
131402,5_4792,35.707755,-79.472369,2005.0,690.6790505868071
97643,2_1213,33.109047,-80.870062,2012.0,330.38118656414406
1725,7_6495,47.415384,-91.118086,2012.0,80.15982679077297
134035,2_72,35.132831,-89.318025,2002.0,740.5008433832459
20148,11_7942,29.823573,-83.49885,2011.0,308.4619579117766
3488,1_878,32.080597,-85.91712199999999,2001.0,180.91580817482802
102026,9_7522,30.613571000000004,-84.277355,2014.0,126.43375394577097
57439,7_6341,47.708604,-91.72869200000001,2007.0,155.44871388101984
101294,11_7651,32.173333,-82.792596,2011.0,55.20398327262915
94211,2_4221,46.427787,-93.272258,2002.0,182.02820396600566
62939,5_8165,43.983314,-91.60183599999999,2010.0,255.97434884662079
28382,10_11004,34.150044,-92.608051,2015.0,366.91323431808974
35003,5_5048,40.802009999999996,-77.27882,2010.0,209.23972885471457
21100,9_6191,44.477515000000004,-88.975535,2009.0,348.9632278429783
85547,10_8730,42.535665,-73.940983,2010.0,83.91837070012143
114794,8_7670,43.936265,-74.897837,2013.0,280.5593937677054
84745,8_9477,35.301379,-92.19264799999999,2008.0,312.220501821125
40462,4_3882,44.181329999999996,-91.58445,2009.0,305.91331858442766
83958,3_3680,46.048543,-95.290768,2003.0,170.5516247914553
